137;359;372;437;555;234;434;482;192;212;65;401
181;275;589;602;456;427;151;398;594;443;12;314
383;268;286;8;371;422;237;374;564;116;483;521
553;549;175;238;247;14;323;438;394;193;345;179
216;574;11;249;55;232;266;221;332;145;61;285
518;291;279;171;44;582;153;405;348;451;523;559
592;353;486;576;351;385;231;97;162;363;178;3
349;187;209;617;581;142;7;426;410;586;222;189
263;625;462;417;450;23;575;402;344;367;439;155
147;377;495;94;366;335;596;258;207;72;163;373
137;359;372;437;555;234;132;447;302;241;526;620
181;275;589;602;456;427;341;356;143;124;512;194
383;268;286;8;371;422;331;603;613;31;444;454
553;549;175;238;247;14;459;487;312;334;46;409
216;574;11;249;55;232;203;106;133;567;496;4
518;291;279;171;44;582;246;273;587;453;354;458
592;353;486;576;351;385;538;515;299;190;39;135
349;187;209;617;581;142;507;277;37;380;78;9
263;625;462;417;450;23;283;535;552;445;16;305
147;377;495;94;366;335;236;480;129;255;474;561
137;359;372;437;555;234;415;197;315;83;250;399
181;275;589;602;456;427;624;504;327;460;473;112
383;268;286;8;371;422;176;139;95;223;416;340
553;549;175;238;247;14;293;612;57;491;303;342
216;574;11;249;55;232;510;301;418;502;22;297
518;291;279;171;44;582;313;537;96;34;350;99
592;353;486;576;351;385;493;244;614;88;501;93
349;187;209;617;581;142;173;70;120;403;160;468
263;625;462;417;450;23;546;396;208;251;542;499
147;377;495;94;366;335;245;325;21;465;60;531
137;234;359;372;437;555;24;488;85;280;578;295
181;275;427;456;589;602;391;47;259;516;369;267
8;268;286;371;383;422;375;226;220;362;265;534
14;175;238;247;549;553;601;42;140;593;563;604
11;55;216;232;249;574;429;304;514;188;448;352
44;171;279;291;518;582;530;528;164;182;321;185
351;353;385;486;576;592;157;508;101;284;144;395
142;187;209;349;581;617;338;476;485;368;598;316
23;263;417;450;462;625;278;384;191;565;328;606
94;147;335;366;377;495;492;543;215;25;298;475
137;234;359;372;437;555;127;588;590;539;134;13
181;275;427;456;589;602;547;524;105;441;318;230
8;268;286;371;383;422;154;494;172;404;10;29
14;175;238;247;549;553;436;382;355;131;186;206
11;55;216;232;249;574;41;63;149;102;1;364
44;171;279;291;518;582;225;167;411;260;413;242
351;353;385;486;576;592;81;619;51;90;572;520
142;187;209;349;581;617;205;554;289;389;254;20
23;263;417;450;462;625;111;235;548;544;256;271
94;147;335;366;377;495;198;435;527;248;388;264
137;234;359;372;437;555;252;199;407;370;509;570
181;275;427;456;589;602;597;210;320;213;311;196
8;268;286;371;383;422;414;600;532;184;498;466
14;175;238;247;549;553;387;103;64;5;623;497
11;55;216;232;249;574;201;68;608;347;616;100
44;171;279;291;518;582;75;67;615;525;569;357
351;353;385;486;576;592;322;610;35;333;290;408
142;187;209;349;581;617;584;43;89;82;138;308
23;263;417;450;462;625;611;174;481;562;432;115
94;147;335;366;377;495;346;337;2;80;117;52
